{"files":{"src\\app\\home\\home.component.html":{"frameworks":["app","angular-template","pg.asset.manager","pg.ia","pg.project.items","wordpress.pinegrow","pg.code-validator","pg.insight.events","pg.image.overlay","pg.css.grid","pg.blocks","pg.blocks.wp","bs4","pg.html","pg.components"],"last_page_width":1024},"home.html":{"frameworks":["angular-template","pg.insight.events","pg.css.grid","pg.image.overlay","pg.code-validator","pg.project.items","pg.asset.manager","bs4","pg.html","pg.components"],"last_page_width":1024},"home.component.html":{"frameworks":["angular-template","pg.insight.events","pg.css.grid","pg.image.overlay","pg.code-validator","pg.project.items","pg.asset.manager","bs4","pg.html","pg.components"],"last_page_width":1024}},"breakpoints":["576px","768px","992px","1200px"],"frameworks":["app","angular-template","pg.asset.manager","pg.ia","pg.project.items","wordpress.pinegrow","pg.code-validator","pg.insight.events","pg.image.overlay","pg.css.grid","pg.blocks","pg.blocks.wp","bs4","pg.html","pg.components"],"file-picker-copy-folder":"C:\\Users\\lamgi\\Downloads\\popup-khoi - Copy (2)\\angular-template\\src\\app\\home"}